ex_id,roster_row,gain_year,country,organisation,title,lead,uses_recommendations,source_url,cover_file,cover_status
ex185,185,2025,Armenia,Armstat,Digitalized Administrative source (Migration and Citizenship Service of the M-stry of Inte,country,yes,https://www.armstat.am/file/doc/99552283.pdf,,rejected: PDF page 1 is an inner yearbook page
ex218,218,2023,Armenia,Armstat,The results of 2022 Population Census in the Republic of Armenia,country,yes,https://www.arlis.am/DocumentView.aspx?DocID=167733,,rejected: site logo
ex307,307,2025,Belize,Inter-American Development Bank (Idb),Support to the Statistical Institute of Belize in the preparation of a thematic report on,country,no/dk,https://sib.org.bz/wp-content/uploads/20251020_BelizeCensusMigrationReport.pdf,covers/ex307.png,ok
ex113,113,2025,Burkina Faso,National Institute Of Statistics And Demogra,Socio-economic survey of households of internally displaced persons and hosts in 6 regions,country,yes,,,missing: image not in repo or SharePoint
ex115,115,2025,Burkina Faso,National Institute Of Statistics And Demogra,Study on the living conditions of forced displaced persons: baseline survey,country,yes,,,missing: image not in repo or SharePoint
ex208,208,2024,Cambodia,"National Institute Of Statistics, Ministry O",Cambodia Inter-Censal Population Survey,country,yes,,,missing: image not in repo or SharePoint
ex399,399,2022,Cameroon,National Institute Of Statistics Of The Repu,Cameroon household survey / survey on employment and in the informal sector,country,yes,,,missing: image not in repo or SharePoint
ex204,204,2025,Colombia,Victims Unit,FORCED DISPLACEMENT REPORT II SEMESTER 2024,country,yes,https://datospaz.unidadvictimas.gov.co/,covers/ex204.png,"ok: data-portal banner, not a report"
ex224,224,2023,Colombia,National Administrative Department Of Statis,DANE Inter-Administrative Agreement - Victims Unit,country,no/dk,,,missing: image not in repo or SharePoint
ex412,412,2022,Colombia,National Administrative Department Of Statis,Study linking RUV and GEIH,country,yes,,,missing: image not in repo or SharePoint
ex370,370,2021,Côte d'Ivoire,National Institute Of Statistics (Ins) - Côt,RGPH 2014 AND 2020,country,yes,https://www.gouv.ci/_actualite-article.php?recordID=12580&d=3,,missing: failed: 404 Client Error: Not Found
ex151,151,2025,Democratic Republic of the Congo,National Institute Of Statistics (Ins) - Drc,The Survey on Household Living Conditions,country,yes,,,missing: image not in repo or SharePoint
ex030,30,2024,Djibouti,National Institute Of Statistics (Instad),"3rd Population and Housing Census (RGPH-3) that was completed in the summer of this year,",country,yes,https://instad.dj/rgph,,missing: no cover: web page without a preview image
ex039,39,2025,Egypt,Central Agency For Public Mobilization And S,The Joint Assessment between the World Food Programme (WFP) and the United Nations High Co,country,yes,,,missing: image not in repo or SharePoint
ex093,93,2023,France,National Institute Of Statistics And Economi,INSEE publication references Immigrants and descendants of immigrants,country,no/dk,https://www.insee.fr/fr/statistiques/6793306?sommaire=6793391,,missing: no cover: web page without a preview image
ex051,51,2024,Honduras,Instituto Nacional De Estadística,INE Honduras in 2023 and 2024 has been collecting statistics on forced displacement in Hon,country,yes,,,missing: image not in repo or SharePoint
ex058,58,2024,Honduras,Instituto Nacional De Estadística,"Honduras, leads the working group for the Practical Guide for the production of harmonized",country,yes,https://rtc-cea.cepal.org/es/grupo-trabajo/guia-practica-para-la-produccion-de-estadisticas-armonizadas-sobre-desplazamiento,,missing: no cover: web page without a preview image
ex262,262,2025,Honduras,Instituto Nacional De Estadística,module on PDI in the household survey,country,yes,,,missing: image not in repo or SharePoint
ex309,309,2025,Honduras,Inter-American Development Bank (Idb),Production of two studies on returnees in Honduras using administrative data gathered at r,institution,no/dk,http://dx.doi.org/10.18235/0013760,,missing: failed: 403 Client Error: Forbidden
ex067,67,2024,Indonesia,United Nations High Commissioner For Refugee,Indonesia 2025 Intercensal Population Survey (SUPAS),country,yes,,,missing: image not in repo or SharePoint
ex318,318,2024,Iraq,Kurdistan Region Statistics Office,Census,country,yes,,,missing: image not in repo or SharePoint
ex253,253,2024,Italy,National Institute Of Statistics (Istat),We produced an integrated and longitudinal dataset using data derived from residence permi,country,yes,https://unece.org/sites/default/files/2024-04/2.Refugees%20WP1%20ITA%20Conti%20Pangallo.pdf,,missing: failed: 403 Client Error: Forbidden
ex256,256,2024,Italy,National Institute Of Statistics (Istat),A sample of refugees women will be included in the next survey about the violence on women,country,no/dk,,,missing: image not in repo or SharePoint
ex259,259,2024,Italy,National Institute Of Statistics (Istat),We contributed to a study conducted by UNHCR in Italy about the socio-economic integration,country,yes,,,missing: image not in repo or SharePoint
ex261,261,2024,Italy,National Institute Of Statistics (Istat),We included in a survey on children and young people (aged 11-19 years) a sample of young,country,yes,https://unece.org/sites/default/files/2024-02/2Innov%20ITA_ENG_0.pdf,,missing: failed: 403 Client Error: Forbidden
ex066,66,2023,Jordan,Jordan Department Of Statistics,General Population and Housing Census 2015,country,yes,https://dosweb.dos.gov.jo/ar/censuses/population_housing/census2015/census2015_tables/,,rejected: site icon
ex069,69,2023,Jordan,Jordan Department Of Statistics,A comprehensive population census in Azraq and Zaatari camps,country,yes,,covers/ex069.png,rejected: not a cover (Jordan DoS publication price list)
ex105,105,2025,Jordan,Jordan Department Of Statistics,"A question was included in the labor force survey, the second round in 2025, question numb",country,yes,https://dosweb.dos.gov.jo/DataBank/Labour_Force/Employment_Unemployment/Labor_Force_Survey_questionnaire_2024.pdf,covers/ex105.png,"ok: first page of the questionnaire, not a report"
ex184,184,2024,Jordan,Jordan Department Of Statistics,Refugee questions were included in the labor force survey,country,yes,https://dosweb.dos.gov.jo/labourforce/employment-and-unemployment/,,rejected: file-format icon
ex381,381,2022,Jordan,Jordan Department Of Statistics,Inclusion of refugees on the Gov of Jordan's Household Income and Expenditure Survey,country,yes,,,missing: image not in repo or SharePoint
ex007,7,2023,Kazakhstan,Agency Of Statistics Of The Republic Of Kaza,Census 2021,country,yes,https://stat.gov.kz/upload/medialibrary/75f/z2gxd3z3s8gsf7em4x4q5ahd87mgoc5m/%D0%9D%D0%B0%D1%81%D0%B5%D0%BB%D0%B5%D0%BD%D0%B8%D0%B5%201%20%D1%82%D0%BE%D0%BC.pdf,covers/ex007.png,ok
ex112,112,2024,Kenya,Kenya National Bureau Of Statistics,"Kenya National Bureau of Statistics (KNBS) has included two refugee camps namely, Kakuma a",country,yes,,,missing: image not in repo or SharePoint
ex114,114,2024,Kenya,Kenya National Bureau Of Statistics,UNHCR did a follow-up survey on the Shona community after acquisition of citizenship,country,yes,https://data.unhcr.org/en/documents/details/111718,covers/ex114.png,ok
ex116,116,2024,Kenya,Kenya National Bureau Of Statistics,KNBS is continuously collecting annual data on Registered Refugees and Asylum Seekers from,country,yes,https://www.knbs.or.ke/reports/2024-economic-survey/,,"missing: failed: HTTPSConnectionPool(host='www.knbs.or.ke', port=443): Max retries exceeded with ur"
ex371,371,2021,Kenya,Kenya National Bureau Of Statistics,Economic Survey 2021,country,yes,https://drive.google.com/file/d/1q5QE1A7UkwDIsDSphr4C9NIDYho0SB1p/view,,missing: failed: 401 Client Error: Unauthorized
ex403,403,2022,Kenya,Kenya National Bureau Of Statistics,2022 Economic Survey Report,country,yes,https://www.knbs.or.ke/wp-content/uploads/2022/05/2022-Economic-Survey1.pdf,,"missing: failed: HTTPSConnectionPool(host='www.knbs.or.ke', port=443): Max retries exceeded with ur"
ex327,327,2024,Kosovo,Kosovo Agency Of Statistics,Kosovo Census 2024,country,yes,https://askapi.rks-gov.net/Custom/c973a3e6-790c-47e7-924b-4e9f5d745aec.pdf,covers/ex327.png,ok
ex010,10,2023,Kyrgyzstan,National Statistical Committee Of Kyrgyzstan,Kyrgyz Republic Census,country,yes,,,missing: image not in repo or SharePoint
ex316,316,2024,Malawi,World Bank-Unhcr Joint Data Center On Forced,Malawi: Inclusion of refugees in Malawi's Integrated Household Survey (IHS) 2024,country,yes,,,missing: image not in repo or SharePoint
ex082,82,2024,Mali,United Nations High Commissioner For Refugee,EMOP,country,yes,,covers/ex082.png,ok
ex168,168,2024,Marshall Islands,Internal Displacement Monitoring Centre (Idm,October / Marshall Islands: Provided feedback and input to NDMO forms and surveys on disas,country,yes,,,missing: image not in repo or SharePoint
ex177,177,2025,Mexico,National Institute Of Statistics And Geograp,National Survey of Victimization and Perception of Public Safety,country,yes,https://www.inegi.org.mx/programas/envipe/2025/#datos_abiertos,,missing: no cover: web page without a preview image
ex374,374,2021,Mexico,National Institute Of Statistics And Geograp,Survey to Characterize the Population in a Situation of Forced Internal Displacement in th,country,yes,,,missing: image not in repo or SharePoint
ex375,375,2021,Mexico,National Institute Of Statistics And Geograp,Census 2020,country,yes,,,missing: image not in repo or SharePoint
ex008,8,2024,Morocco,High Commission For Planning,2024 General Population and Housing Census - Suryve Data,country,yes,,,missing: image not in repo or SharePoint
ex011,11,2024,Morocco,High Commission For Planning,General Population and Housing Census of 2024,country,yes,,,missing: image not in repo or SharePoint
ex014,14,2024,Morocco,High Commission For Planning,"Survey on migrants' experiences on migration routes, assistance needs, abuses and risks, m",country,yes,,,missing: image not in repo or SharePoint
ex378,378,2022,Morocco,High Commission For Planning,Survey on the socio-economic situation of refugees in Morocco in 2022,country,yes,,,missing: image not in repo or SharePoint
ex009,9,2025,NA,United Nations Relief And Works Agency For P,UNRWA digital identity verification 2025: Resident population estimate of Palestine Refuge,institution,yes,https://www.unrwa.org/resources/reports/palestinian-population-lebanon-findings-unrwa-digital-identity-verification,,missing: failed: 403 Client Error: Forbidden
ex107,107,2025,NA,World Bank (Wb),Created the SSA Refugee Camp Data Base,institution,no/dk,,,missing: image not in repo or SharePoint
ex304,304,2024,NA,World Bank-Unhcr Joint Data Center On Forced,Regional: Transfer learning to increase the frequency of socioeconomic estimates in forced,institution,yes,,,missing: image not in repo or SharePoint
ex363,363,2021,NA,Joint Idp Profiling Services (Jips),Identifying internally displaced persons in surveys,institution,yes,,,missing: image not in repo or SharePoint
ex045,45,2024,Nigeria,National Bureau Of Statistics Real Sector An,The NBS has implemented the first ever Survey on IDPs in seven selected states of Nigeria,country,yes,,,missing: image not in repo or SharePoint
ex048,48,2024,Nigeria,National Bureau Of Statistics Real Sector An,partnering with International Organization to carryout administrative data collection IDPs,country,yes,,,missing: image not in repo or SharePoint
ex350,350,2021,Nigeria,International Organization For Migration (Io,DTM measuring Durable Solution achievements,institution,yes,,,missing: image not in repo or SharePoint
ex111,111,2023,Norway,Statistics Norway,Internal movements of asylum seekers/refugees,country,yes,https://www.ssb.no/befolkning/flytting/artikler/tidlige-asylflyttinger-i-perioden-2013-2022/_/attachment/inline/a8e35027-dda5-4a5a-94b5-8bd5d22e4a4c:dda1a4c30ebb5758191abe7900b03a39e8cc44dd/NOT2023-43.pdf,covers/ex111.png,ok
ex118,118,2023,Norway,Statistics Norway,How do refugees fare in the Norwegian education system?,country,yes,https://www.ssb.no/befolkning/innvandrere/artikler/hvordan-presterer-flyktninger-pa-skolebenken,,rejected: stock photo
ex139,139,2025,Norway,Statistics Norway,"Refugees in and outside the Labour Marked, 2023",country,yes,https://www.ssb.no/arbeid-og-lonn/sysselsetting/artikler/flyktninger-i-og-utenfor-arbeidsmarkedet-2023,,rejected: stock photo
ex141,141,2025,Norway,Statistics Norway,"Unaccompanied Minor Refugees, 2023",country,yes,https://www.ssb.no/befolkning/innvandrere/artikler/mange-enslige-mindrearige-flyktninger-fra-ukraina,,rejected: stock photo
ex234,234,2024,Norway,Statistics Norway,Unregistered Emigration from Norway: Mapping the Extent,country,yes,https://www.ssb.no/befolkning/flytting/artikler/uregistrert-utvandring-fra-norge,,rejected: stock photo
ex236,236,2024,Norway,Statistics Norway,"Refugees and the Labour Market, Monitor 2022",country,yes,https://www.ssb.no/arbeid-og-lonn/flyktninger-og-arbeidsmarkedet,,missing: no cover: web page without a preview image
ex255,255,2023,Peru,World Bank-Unhcr Joint Data Center On Forced,Peru: Extending Peru's National Household Survey (ENAHO) to the Venezuelan Refugee and Mig,country,yes,,,missing: image not in repo or SharePoint
ex324,324,2024,Philippines,Philippine Statistics Authority,Birth Registration Assistance Project,country,yes,,,missing: image not in repo or SharePoint
ex326,326,2024,Philippines,Philippine Statistics Authority,Registration of Undocumented Filipinos in Sabah,country,yes,,,missing: image not in repo or SharePoint
ex161,161,2023,Poland,Statistics Poland,Health of refugees from Ukraine to Poland 2022 - survey and research report in cooperation,country,yes,https://stat.gov.pl/wydarzenia/wydarzenia-miedzynarodowe/health-of-refugees-from-ukraine-in-poland-2022-survey-findings,,"missing: failed: ('Connection aborted.', RemoteDisconnected('Remote end closed connection without r"
ex235,235,2025,Poland,Statistics Poland,HEALTH OF REFUGEES IN UKRAINE,country,yes,,,missing: image not in repo or SharePoint
ex274,274,2024,Poland,Statistical Office In Rzeszów,Health of refugees from Ukraine. A comparative analysis of 2022-2023 surveys and data inno,country,yes,https://stat.gov.pl/en/events/international-events/ukrainian-refugee-health-research-2022-2023-and-data-innovation,,missing: failed: 404 Client Error: Not Found
ex002,2,2024,Rwanda,Director Of Census,Refugees Thematic report published,country,yes,,,missing: image not in repo or SharePoint
ex402,402,2022,Rwanda,Director Of Census,2022 Rwanda Population and Housing Census,country,yes,,,missing: image not in repo or SharePoint
ex032,32,2023,Somalia,Joint Idp Profiling Services (Jips),Support to the Government of Somalia to implement the IRIS,country,yes,,,missing: image not in repo or SharePoint
ex394,394,2022,Somalia,World Bank-Unhcr Joint Data Center On Forced,Rapid monitoring of socio-economic conditions for Internally Displaced People,institution,yes,,,missing: image not in repo or SharePoint
ex411,411,2022,Somalia,Joint Idp Profiling Services (Jips),Development of IDP sector plan within National Statistical System Strategic Plan,country,yes,,,missing: image not in repo or SharePoint
ex001,1,2023,South Africa,Statistics South Africa,Migration Profile Report,country,yes,,,missing: image not in repo or SharePoint
ex397,397,2022,South Africa,Statistics South Africa,South Africa Census 2022,country,yes,,,missing: image not in repo or SharePoint
ex084,84,2023,Spain,National Statistics Institute (Ine),Ukrainians in Spain,country,no/dk,https://www.ine.es/infografias/ucranianos/ucranianos.htm,,rejected: site logo
ex062,62,2025,State of Palestine,Palestinian Central Bureau Of Statistics (Pc,Multi-indicator cluster survey (mics),country,no/dk,,,missing: image not in repo or SharePoint
ex264,264,2024,State of Palestine,Palestinian Central Bureau Of Statistics (Pc,Field Surveys: Labor Force Survey,country,yes,https://pcbs.gov.ps/portals/_pcbs/PressRelease/Press_En_LFSQ022024E.pdf,,"missing: failed: HTTPSConnectionPool(host='pcbs.gov.ps', port=443): Max retries exceeded with url: "
ex266,266,2024,State of Palestine,Palestinian Central Bureau Of Statistics (Pc,Social and economic conditions of Palestinian families in the Gaza Strip in light of the I,country,yes,,,missing: image not in repo or SharePoint
ex268,268,2024,State of Palestine,Palestinian Central Bureau Of Statistics (Pc,Administrative records available at international organizations (UNRWA),country,yes,,,missing: image not in repo or SharePoint
ex270,270,2024,State of Palestine,Palestinian Central Bureau Of Statistics (Pc,Participation in a training workshop on international recommendations on statistics of ref,country,yes,,,missing: image not in repo or SharePoint
ex368,368,2021,State of Palestine,Palestinian Central Bureau Of Statistics (Pc,Labor Force Survey,country,yes,http://www.erfdataportal.com/index.php/catalog/240,,missing: no cover: web page without a preview image
ex064,64,2024,Thailand,United Nations High Commissioner For Refugee,Thailand 2025 Population and Housing Census,country,yes,,,missing: image not in repo or SharePoint
ex004,4,2023,Turkmenistan,State Committee Of Turkmenistan On Statistic,Population Census 2022 Turkmenistan,country,yes,https://www.stat.gov.tm/,,missing: no cover: web page without a preview image
ex153,153,2024,Uganda,Internal Displacement Monitoring Centre (Idm,"Red Crescent Society of Uganda: Similar to the South Africa request, we provided an overvi",country,yes,,,missing: image not in repo or SharePoint
ex319,319,2024,Uganda,Uganda Bureau Of Statistics (Ubos),THE 2024 NATIONAL POPULATION AND HOUSING CENSUS (NPHC 2024),country,yes,,,missing: image not in repo or SharePoint
ex320,320,2024,Uganda,Uganda Bureau Of Statistics (Ubos),"THE UGANDA NATIONAL INTEGRATED SURVEY, 2024/25 (UHIS 2024/25)",country,yes,,,missing: image not in repo or SharePoint
ex321,321,2024,Uganda,Uganda Bureau Of Statistics (Ubos),"THE UGANDA MALARIA INDICATOR SURVEY, 2024/25 (UMIS, 2024/25)",country,yes,,,missing: image not in repo or SharePoint
ex322,322,2024,Uganda,Uganda Bureau Of Statistics (Ubos),"THE UGANDA NATIONAL GOVERNANCE, PEACE AND SECURITY SURVEY, 2024/25 (UNGPS 2024/25)",country,yes,,covers/ex322.png,ok
ex404,404,2022,Uganda,Uganda Bureau Of Statistics (Ubos),Refugee Inclusion in the Demographic & Health Survey (DHS),country,yes,,,missing: image not in repo or SharePoint
ex053,53,2023,United Kingdom,Office For National Statistics (Ons),"the inclusion of asylum seekers in Long-term international migration, provisional: year en",country,no/dk,https://www.ons.gov.uk/peoplepopulationandcommunity/,,missing: no cover: web page without a preview image
ex056,56,2023,United Kingdom,Office For National Statistics (Ons),Early integration outcomes for refugees resettled in England and Wales: 2015 to 2021 New a,country,no/dk,https://www.ons.gov.uk/peoplepopulationandcommunity/,,missing: no cover: web page without a preview image
ex212,212,2023,United Kingdom,Office For National Statistics (Ons),Early integration outcomes for refugees resettled in England and Wales: 2015 to 2021.,country,no/dk,,,missing: image not in repo or SharePoint
ex213,213,2023,United Kingdom,Office For National Statistics (Ons),Refugee Integration Outcomes,country,no/dk,https://www.ons.gov.uk/peoplepopulationandcommunity/populationandmigration/internationalmigration/methodologies/refugeeintegrationoutcomesriodatalinkagepilot,,missing: no cover: web page without a preview image
ex387,387,2022,Zambia,United Nations High Commissioner For Refugee,Zambia Census 2022,country,yes,,,missing: image not in repo or SharePoint
